{"cameraMode":{"drawMode":0,"name":"Shaded","section":"Shading Mode"},"sceneLighting":true,"audioPlay":false,"sceneViewState":{"showFog":true,"showMaterialUpdate":false,"showSkybox":true,"showFlares":true,"showImageEffects":true,"showParticleSystems":true},"in2DMode":false,"pivot":{"x":-0.3829761743545532,"y":-1.7310800552368165,"z":-2.0462450981140138},"rotation":{"x":0.27063319087028506,"y":0.05481967702507973,"z":-0.015506359748542309,"w":0.9610403180122376},"size":13.173088073730469,"orthographic":false}