{"cameraMode":{"drawMode":0,"name":"Shaded","section":"Shading Mode"},"sceneLighting":true,"audioPlay":false,"sceneViewState":{"showFog":true,"showMaterialUpdate":false,"showSkybox":true,"showFlares":true,"showImageEffects":true,"showParticleSystems":true},"in2DMode":false,"pivot":{"x":-1.3314507007598878,"y":4.2846360206604,"z":-7.277848720550537},"rotation":{"x":0.07774069160223007,"y":-0.5448394417762756,"z":0.0508028082549572,"w":0.8334152698516846},"size":3.990210771560669,"orthographic":false}