{"cameraMode":{"drawMode":0,"name":"Shaded","section":"Shading Mode"},"sceneLighting":true,"audioPlay":false,"sceneViewState":{"showFog":true,"showMaterialUpdate":false,"showSkybox":true,"showFlares":true,"showImageEffects":true,"showParticleSystems":true},"in2DMode":false,"pivot":{"x":4.033196449279785,"y":2.5000052452087404,"z":-3.5136475563049318},"rotation":{"x":-0.12164651602506638,"y":-0.12914815545082093,"z":-0.016011370345950128,"w":0.9840455055236816},"size":7.253303527832031,"orthographic":false}